product_id,one_star,two_stars,three_stars,four_stars,five,total_cmt_photo,total_photo,comment_count
631525,13,5,14,64,356,62,79,450.0
117170051,6,1,3,49,316,48,62,370.0
54058503,5,2,10,103,494,60,82,612.0
214101372,2,0,0,3,55,9,10,58.0
140537792,7,7,9,87,496,72,88,593.0
22052325,1,0,0,9,55,10,13,65.0
196953338,2,0,0,13,107,14,18,122.0
631034,22,13,32,144,989,159,218,1189.0
199009119,1,0,1,9,83,11,14,93.0
127377722,0,0,0,0,0,0,0,0.0
383286,17,4,13,87,418,58,72,529.0
568830,26,23,60,141,306,32,41,548.0
119251243,0,0,0,0,0,0,0,0.0
190641506,0,0,0,0,0,0,0,0.0
460758,5,1,7,33,170,22,28,214.0
78007672,0,0,0,0,0,0,0,0.0
272126105,0,0,0,0,0,0,0,0.0
21481196,0,0,0,0,0,0,0,0.0
35526543,1,0,0,0,3,1,3,4.0
272113577,0,0,0,0,0,0,0,0.0
191081573,0,0,0,0,0,0,0,0.0
45900941,0,0,0,0,3,0,0,3.0
70661243,0,0,0,0,0,0,0,0.0
98902719,0,0,0,0,0,0,0,0.0
2397037,3,2,1,17,78,14,16,101.0
174834852,0,0,0,0,0,0,0,0.0
191365625,0,0,1,0,8,2,4,9.0
441649,1,1,1,3,8,0,0,13.0
1362447,38,12,62,303,2135,213,308,2537.0
16632033,0,0,0,0,0,0,0,0.0
33785195,4,6,17,58,323,31,36,407.0
35526564,0,0,2,1,2,1,2,5.0
13415841,3,2,1,16,53,10,16,75.0
14707534,2,0,0,6,24,1,1,32.0
200938553,0,0,0,0,0,0,0,0.0
54414221,0,0,0,0,0,0,0,0.0
25108217,0,0,3,21,182,16,18,204.0
119251217,0,0,0,0,0,0,0,0.0
31494236,0,0,0,0,0,0,0,0.0
92096007,0,0,0,0,0,0,0,0.0
85660175,0,0,0,0,0,0,0,0.0
196930516,0,0,0,1,3,0,0,4.0
35933597,0,0,0,0,0,0,0,0.0
54414095,0,0,0,0,0,0,0,0.0
190641510,0,0,0,0,0,0,0,0.0
2123245,0,1,3,14,30,7,14,48.0
39518099,3,2,1,14,55,9,11,74.0
34481992,0,0,0,0,0,0,0,0.0
24469772,0,0,0,0,0,0,0,0.0
38339909,0,0,0,0,0,0,0,0.0
71999833,0,0,0,0,4,0,0,4.0
272126248,0,0,0,0,0,0,0,0.0
1514805,0,0,4,7,39,3,4,50.0
55705554,0,0,0,0,0,0,0,0.0
25917938,0,0,3,2,13,2,2,18.0
33606875,0,0,0,0,0,0,0,0.0
1601735,0,0,0,0,0,0,0,0.0
6884515,7,7,31,125,652,66,107,821.0
119251241,0,0,0,0,0,0,0,0.0
911333,0,0,0,0,0,0,0,0.0
262729359,0,0,0,0,0,0,0,0.0
184444737,0,0,0,0,0,0,0,0.0
68491609,1,0,2,9,25,10,22,34.0
22293001,0,0,0,0,0,0,0,0.0
1362445,18,9,53,165,684,59,79,926.0
221226549,0,0,0,0,0,0,0,0.0
84801947,0,0,0,0,0,0,0,0.0
7221953,0,0,0,0,0,0,0,0.0
3282871,0,0,0,0,4,3,4,4.0
178559959,0,0,0,0,0,0,0,0.0
30794077,2,0,0,3,14,1,1,18.0
6418985,0,0,0,0,0,0,0,0.0
68617503,0,0,0,0,0,0,0,0.0
911335,0,0,0,0,0,0,0,0.0
54414143,0,0,0,0,0,0,0,0.0
73607516,0,0,0,0,0,0,0,0.0
38375339,0,0,0,0,0,0,0,0.0
194487199,0,0,0,1,13,4,4,14.0
272126117,0,0,0,0,0,0,0,0.0
470478,0,0,0,0,1,0,0,1.0
37745284,0,0,0,0,0,0,0,0.0
125732286,0,0,0,0,0,0,0,0.0
262729479,0,0,0,0,0,0,0,0.0
263104111,0,0,0,0,10,0,0,10.0
25742819,0,0,0,0,0,0,0,0.0
162144054,0,0,0,0,0,0,0,0.0
507131,2,3,3,12,13,1,1,33.0
1196187,2,0,7,11,34,6,14,54.0
190645315,0,0,0,0,0,0,0,0.0
9984733,0,0,0,0,0,0,0,0.0
486653,0,2,11,12,14,1,1,34.0
190645308,0,0,0,0,0,0,0,0.0
201608024,0,0,0,0,0,0,0,0.0
1601729,0,0,0,0,0,0,0,0.0
462226,6,2,29,89,173,11,13,279.0
684872,0,0,0,0,0,0,0,0.0
190630654,0,0,0,0,0,0,0,0.0
8708414,0,0,1,5,20,0,0,26.0
10596319,0,0,0,0,0,0,0,0.0
545471,3,0,10,28,74,7,13,113.0
116455410,0,0,0,0,0,0,0,0.0
2623229,1,0,0,1,11,1,1,13.0
76403953,0,0,0,0,0,0,0,0.0
545480,0,0,4,5,6,0,0,15.0
639335,0,0,0,0,0,0,0,0.0
55984957,0,0,0,0,0,0,0,0.0
54616002,0,0,0,0,0,0,0,0.0
8289034,0,0,0,0,0,0,0,0.0
16316850,0,0,3,10,41,1,3,54.0
149404799,0,0,0,0,0,0,0,0.0
152494727,0,0,0,0,0,0,0,0.0
21761333,0,0,0,0,0,0,0,0.0
115200226,0,0,0,0,0,0,0,0.0
41314807,0,0,0,0,0,0,0,0.0
63504557,0,0,0,0,0,0,0,0.0
190641512,0,0,0,0,0,0,0,0.0
179953046,0,0,0,0,0,0,0,0.0
1196195,0,0,0,3,20,4,7,23.0
8082544,0,0,0,0,0,0,0,0.0
176284237,0,0,0,0,0,0,0,0.0
107444395,0,0,0,0,0,0,0,0.0
57693646,1,1,4,1,22,9,9,29.0
51715069,1,0,2,1,18,8,10,22.0
869162,0,0,0,0,0,0,0,0.0
55789949,0,0,0,0,0,0,0,0.0
10863623,0,0,1,5,15,0,0,21.0
249881973,0,0,0,0,0,0,0,0.0
24156913,0,0,1,8,30,0,0,39.0
16034914,0,0,0,0,0,0,0,0.0
203401575,0,0,0,0,0,0,0,0.0
486648,0,0,0,0,0,0,0,17.0
33341365,0,0,0,0,0,0,0,0.0
191143581,0,0,0,0,2,0,0,2.0
552034,2,0,1,5,37,4,4,44.0
43859841,0,0,0,0,0,0,0,0.0
58976113,0,0,0,0,0,0,0,0.0
22052317,1,0,5,25,120,12,13,152.0
52461196,0,0,0,0,0,0,0,0.0
869146,0,0,0,0,0,0,0,0.0
135091615,0,0,0,0,0,0,0,0.0
1330573,0,0,0,0,0,0,0,0.0
67039748,0,0,0,0,0,0,0,0.0
193552226,0,0,0,0,0,0,0,0.0
5136595,0,0,0,0,0,0,0,0.0
175073965,0,0,0,0,0,0,0,0.0
11961980,0,0,0,0,0,0,0,0.0
190645318,0,0,0,0,0,0,0,0.0
263030752,0,0,0,0,2,0,0,2.0
71989770,0,0,0,0,0,0,0,0.0
160370376,0,0,0,0,0,0,0,0.0
37581516,0,0,0,0,0,0,0,0.0
20838846,0,0,0,0,0,0,0,0.0
184476147,0,0,0,0,0,0,0,0.0
693206,0,0,0,0,0,0,0,0.0
130199624,0,0,0,0,0,0,0,0.0
183736539,0,0,0,0,0,0,0,0.0
55705559,0,0,0,0,0,0,0,0.0
36458132,0,0,0,0,0,0,0,0.0
109266606,0,0,0,0,0,0,0,0.0
183554140,0,0,0,0,0,0,0,0.0
22285282,0,0,0,0,0,0,0,0.0
58167618,0,0,0,0,0,0,0,0.0
87660341,0,0,0,0,0,0,0,0.0
198341173,0,0,0,0,0,0,0,0.0
14064258,0,0,0,0,0,0,0,0.0
20836435,0,0,0,0,0,0,0,0.0
73369906,0,0,0,0,0,0,0,0.0
74165753,0,0,0,0,0,0,0,0.0
50339692,0,0,0,0,0,0,0,0.0
35240540,0,0,0,0,0,0,0,0.0
411718,6,8,18,71,133,11,14,208.0
55705551,0,0,0,0,0,0,0,0.0
15944444,0,0,0,0,0,0,0,0.0
118521789,0,0,0,0,0,0,0,0.0
13817699,1,0,4,5,33,4,4,43.0
3840459,1,0,2,8,18,1,2,29.0
148810892,0,0,0,0,0,0,0,0.0
1514817,0,0,0,1,0,0,0,1.0
35594030,0,0,0,0,0,0,0,0.0
19926515,0,0,0,0,0,0,0,0.0
393098,3,0,1,8,6,2,2,16.0
14707226,0,0,0,0,0,0,0,0.0
77013473,0,0,0,0,0,0,0,0.0
1601733,0,0,0,0,0,0,0,0.0
196332865,0,0,0,0,0,0,0,0.0
470466,0,0,0,2,6,0,0,8.0
208645923,0,0,0,0,0,0,0,0.0
6216967,0,0,0,0,0,0,0,0.0
1514803,0,0,0,1,5,0,0,6.0
55136157,0,0,0,0,0,0,0,0.0
198335872,0,0,0,0,0,0,0,0.0
11308024,0,0,0,0,0,0,0,0.0
694886,0,0,0,0,0,0,0,0.0
552021,0,0,1,0,0,0,0,1.0
162979447,0,0,0,0,0,0,0,0.0
382914,0,0,1,1,1,0,0,2.0
194005605,0,0,0,0,0,0,0,0.0
56104328,0,0,0,0,0,0,0,0.0
70135141,0,0,0,0,0,0,0,0.0
197852457,0,0,0,0,0,0,0,0.0
58057661,0,0,0,0,0,0,0,0.0
197550718,0,0,0,0,0,0,0,0.0
3613763,0,0,0,0,0,0,0,0.0
76795851,0,0,0,0,0,0,0,0.0
53988386,0,0,0,0,0,0,0,0.0
169128482,0,0,0,0,0,0,0,0.0
599030,0,0,1,0,4,1,1,4.0
35199129,0,0,0,0,0,0,0,0.0
19445501,0,0,0,0,0,0,0,0.0
20006216,0,0,0,0,0,0,0,0.0
194155081,0,0,0,0,0,0,0,0.0
176664116,0,0,0,0,0,0,0,0.0
186676255,0,0,0,0,0,0,0,0.0
24468951,0,0,0,0,0,0,0,0.0
107428139,0,0,0,0,0,0,0,0.0
2623235,0,0,0,1,4,1,1,5.0
113688592,0,0,0,0,0,0,0,0.0
11418278,0,0,0,0,0,0,0,0.0
17628400,1,3,6,27,138,13,23,174.0
715738,0,0,0,0,0,0,0,0.0
14695669,0,0,0,0,0,0,0,0.0
419970,3,1,1,10,20,4,6,35.0
380280,0,0,0,9,6,0,0,13.0
59356263,0,0,0,0,0,0,0,0.0
22052322,1,2,3,26,171,21,30,201.0
380279,0,1,6,11,4,0,0,19.0
60059876,1,1,0,6,29,8,11,37.0
7958132,0,0,0,0,0,0,0,0.0
5902685,2,3,2,30,244,24,27,280.0
195127479,0,0,0,0,0,0,0,0.0
164813943,0,0,0,0,0,0,0,0.0
141291651,0,0,0,0,0,0,0,0.0
50232012,0,0,0,0,0,0,0,0.0
121313787,0,0,0,0,0,0,0,0.0
188106296,0,0,0,0,0,0,0,0.0
400281,2,1,18,27,72,12,15,114.0
176098213,0,0,0,0,0,0,0,0.0
17927660,0,0,0,0,0,0,0,0.0
79008489,0,0,0,0,0,0,0,0.0
1514799,0,1,0,0,0,0,0,1.0
392959,2,0,1,7,8,4,5,18.0
14770204,0,0,0,0,0,0,0,0.0
22052319,3,1,9,36,176,16,22,225.0
15947094,0,0,0,0,0,0,0,0.0
26470607,2,1,6,13,54,12,17,75.0
48329402,0,0,0,0,4,0,0,4.0
26265866,0,0,0,0,0,0,0,0.0
127649145,0,0,0,0,0,0,0,0.0
113458188,0,0,0,0,0,0,0,0.0
155089081,0,0,0,0,0,0,0,0.0
91071799,0,0,0,0,0,0,0,0.0
15687811,0,0,0,0,0,0,0,0.0
16098123,0,0,0,0,0,0,0,0.0
19699206,0,0,0,0,0,0,0,0.0
3121903,2,0,1,4,6,2,3,13.0
184793261,0,0,0,0,0,0,0,0.0
48959029,0,0,0,0,0,0,0,0.0
47140321,0,0,0,0,0,0,0,0.0
109816878,0,0,0,0,0,0,0,0.0
2406967,2,1,10,38,230,44,65,279.0
149153334,0,0,0,0,0,0,0,0.0
43120513,0,0,0,0,0,0,0,0.0
3840457,0,0,0,0,0,0,0,0.0
48027809,0,0,0,0,0,0,0,0.0
41215020,0,0,0,0,0,0,0,0.0
41354585,0,0,0,0,0,0,0,0.0
49644648,0,0,0,0,0,0,0,0.0
70721297,0,0,0,0,0,0,0,0.0
62741588,0,0,0,0,0,0,0,0.0
39219106,0,0,0,0,0,0,0,0.0
129767958,0,0,0,0,0,0,0,0.0
129285326,0,0,0,0,0,0,0,0.0
155366856,0,0,0,0,0,0,0,0.0
10018238,0,0,0,0,0,0,0,0.0
48698970,0,0,0,0,0,0,0,0.0
196208532,0,0,0,0,0,0,0,0.0
119535129,0,0,0,0,0,0,0,0.0
10769632,0,0,1,6,26,1,1,33.0
76308276,0,0,0,0,0,0,0,0.0
6497419,0,0,0,0,0,0,0,0.0
33606857,0,0,0,0,0,0,0,0.0
114738539,0,0,0,0,0,0,0,0.0
486568,0,0,2,7,8,1,1,17.0
3840453,0,1,1,4,15,4,5,21.0
552036,0,0,0,0,1,0,0,1.0
19803859,2,1,3,8,29,10,13,42.0
120357631,0,0,0,0,0,0,0,0.0
16102511,0,0,0,0,0,0,0,0.0
191218979,0,0,0,0,0,0,0,0.0
62364997,0,0,0,0,0,0,0,0.0
12120242,0,0,0,0,0,0,0,0.0
141665415,0,0,0,0,0,0,0,0.0
53988490,0,0,0,0,0,0,0,0.0
11958820,0,0,0,0,0,0,0,0.0
5136603,0,0,0,0,0,0,0,0.0
132899310,0,0,0,0,0,0,0,0.0
137672666,0,0,0,0,0,0,0,0.0
191053075,0,0,0,0,0,0,0,0.0
21760234,0,0,0,0,0,0,0,0.0
57696042,0,0,0,0,0,0,0,0.0
14770198,0,0,0,0,0,0,0,0.0
79206291,0,0,0,0,0,0,0,0.0
107428307,0,0,0,0,0,0,0,0.0
1705427,0,0,0,0,0,0,0,0.0
96867839,0,0,0,0,0,0,0,0.0
109266355,0,0,0,0,0,0,0,0.0
631508,0,2,4,17,143,17,17,163.0
973594,4,2,3,5,34,6,9,48.0
50802453,0,0,0,0,0,0,0,0.0
19928525,0,0,0,0,0,0,0,0.0
10640154,6,3,10,43,215,19,26,274.0
18011884,0,0,0,0,0,0,0,0.0
8708026,0,0,0,0,0,0,0,0.0
716144,0,0,0,0,0,0,0,0.0
16437475,0,0,0,0,0,0,0,0.0
715746,0,0,0,0,0,0,0,0.0
12529087,0,0,0,0,0,0,0,0.0
136935260,0,0,0,0,0,0,0,0.0
78905854,0,0,0,0,0,0,0,0.0
199606251,0,0,0,0,0,0,0,0.0
38438294,1,0,0,9,21,2,2,31.0
71670728,0,0,0,0,0,0,0,0.0
72457058,0,0,0,0,0,0,0,0.0
92934352,0,0,0,0,0,0,0,0.0
248256186,0,0,0,0,0,0,0,0.0
35181729,0,0,0,0,0,0,0,0.0
68341522,0,0,0,0,0,0,0,0.0
5449023,0,0,0,0,0,0,0,0.0
92387374,0,0,0,0,0,0,0,0.0
16061253,0,0,0,0,0,0,0,0.0
131504616,0,0,0,0,0,0,0,0.0
214505667,0,0,0,0,0,0,0,0.0
72746033,0,0,0,0,0,0,0,0.0
79409723,0,0,0,0,0,0,0,0.0
129293726,0,0,0,0,0,0,0,0.0
155090995,0,0,0,0,0,0,0,0.0
263108952,0,0,0,0,0,0,0,0.0
42113981,0,0,0,0,0,0,0,0.0
42688804,0,0,0,3,22,1,1,25.0
173521338,0,0,0,0,0,0,0,0.0
15944317,0,0,0,0,0,0,0,0.0
1514819,0,0,0,0,1,0,0,1.0
175885882,0,0,0,0,0,0,0,0.0
16386348,0,0,0,0,0,0,0,0.0
15627900,0,0,0,0,0,0,0,0.0
10863627,0,0,0,1,1,0,0,2.0
198698840,0,0,0,0,0,0,0,0.0
178560001,0,0,0,0,0,0,0,0.0
10863620,0,0,0,0,2,0,0,2.0
1196185,0,0,0,0,0,0,0,0.0
1514811,0,0,0,0,1,0,0,1.0
90945634,0,0,0,0,0,0,0,0.0
191143586,0,0,1,0,0,0,0,1.0
262875109,0,0,0,0,0,0,0,0.0
33606782,0,0,0,0,0,0,0,0.0
1514809,0,0,0,0,0,0,0,0.0
3929033,0,0,1,0,1,0,0,2.0
41351338,0,0,0,0,0,0,0,0.0
199223871,0,0,0,0,0,0,0,0.0
400167,0,1,1,2,8,1,1,12.0
10863629,0,0,0,1,0,0,0,1.0
39212958,0,0,0,0,0,0,0,0.0
7955038,0,0,0,0,0,0,0,0.0
7734224,0,0,0,0,0,0,0,0.0
56433650,0,0,0,0,0,0,0,0.0
22103297,0,0,0,0,0,0,0,0.0
190519566,0,0,0,0,0,0,0,0.0
197530799,0,0,0,0,0,0,0,0.0
2626803,0,0,0,7,35,6,8,42.0
48608009,0,0,0,0,0,0,0,0.0
17989875,0,0,0,0,0,0,0,0.0
24537518,0,0,0,0,0,0,0,0.0
155356650,0,0,0,0,0,0,0,0.0
42690545,0,0,0,0,0,0,0,0.0
47139686,0,0,0,0,0,0,0,0.0
186627929,0,0,0,0,0,0,0,0.0
869112,0,0,0,0,0,0,0,0.0
186271122,0,0,0,0,0,0,0,0.0
62750516,0,0,0,0,0,0,0,0.0
35508040,0,0,0,0,0,0,0,0.0
1058922,0,0,0,0,0,0,0,0.0
257863005,0,0,0,0,0,0,0,0.0
73784845,0,0,0,0,0,0,0,0.0
52672423,0,0,0,0,0,0,0,0.0
186948400,0,0,0,0,0,0,0,0.0
72187066,0,0,0,0,0,0,0,0.0
134842772,0,0,0,0,0,0,0,0.0
71927291,0,0,0,0,0,0,0,0.0
69883670,0,0,0,0,0,0,0,0.0
13557262,0,0,0,0,0,0,0,0.0
55351449,0,0,0,0,0,0,0,0.0
186693725,0,0,0,0,0,0,0,0.0
43822649,0,0,0,0,0,0,0,0.0
958618,0,0,0,0,0,0,0,0.0
173835918,0,0,0,0,0,0,0,0.0
16644680,0,0,0,1,0,1,2,1.0
72668318,0,0,0,0,0,0,0,0.0
57520413,0,0,0,0,0,0,0,0.0
8571444,0,0,0,0,0,0,0,0.0
31695986,0,0,0,0,0,0,0,0.0
48537684,0,0,0,0,0,0,0,0.0
109018415,0,0,0,0,0,0,0,0.0
2408501,3,1,0,7,50,5,6,60.0
214506739,0,0,0,0,0,0,0,0.0
51470287,0,0,0,0,0,0,0,0.0
122901510,0,0,0,0,0,0,0,0.0
684862,0,0,0,0,0,0,0,0.0
72611513,0,0,0,0,0,0,0,0.0
38024654,0,0,0,0,0,0,0,0.0
14769764,0,0,0,0,0,0,0,0.0
22068596,0,1,0,0,0,0,0,1.0
175816986,0,0,0,0,0,0,0,0.0
16384779,0,0,0,0,0,0,0,0.0
16440100,0,0,0,0,0,0,0,0.0
732955,0,0,0,0,0,0,0,0.0
13861338,0,0,0,0,0,0,0,0.0
132899339,0,0,0,0,0,0,0,0.0
48317881,0,0,0,0,0,0,0,0.0
31632717,0,0,0,0,0,0,0,0.0
13429231,0,0,0,0,0,0,0,0.0
135236106,0,0,0,0,0,0,0,0.0
457030,1,0,0,1,7,3,4,8.0
58116993,0,0,0,0,0,0,0,0.0
684871,0,0,0,0,0,0,0,0.0
20015496,0,0,0,0,0,0,0,0.0
28624332,0,0,0,0,0,0,0,0.0
191292499,0,0,0,0,0,0,0,0.0
42690167,2,1,4,20,185,26,34,212.0
43854376,0,0,0,0,0,0,0,0.0
13377033,0,0,0,2,4,1,1,6.0
21614759,0,0,0,0,0,0,0,0.0
204986836,0,0,0,0,0,0,0,0.0
48891195,0,0,0,0,0,0,0,0.0
57490837,0,0,0,0,0,0,0,0.0
20450486,0,0,0,0,0,0,0,0.0
16100326,0,0,0,0,0,0,0,0.0
252612363,0,0,0,0,0,0,0,0.0
193708241,0,0,0,0,0,0,0,0.0
191365626,1,0,1,2,26,4,4,31.0
54414157,0,0,0,0,0,0,0,0.0
448875,0,0,0,1,2,1,1,3.0
52779572,0,0,0,0,0,0,0,0.0
38093129,0,0,0,0,0,0,0,0.0
248257606,0,0,0,0,0,0,0,0.0
19803550,0,0,0,8,22,1,1,30.0
197187210,0,0,0,0,0,0,0,0.0
122901519,0,0,0,0,0,0,0,0.0
68251476,0,0,0,0,0,0,0,0.0
12146976,0,0,0,0,0,0,0,0.0
61358067,0,0,0,0,0,0,0,0.0
7114863,0,0,0,0,0,0,0,0.0
45541023,0,0,0,0,0,0,0,0.0
508734,0,0,0,0,0,0,0,1.0
137572946,0,0,0,0,0,0,0,0.0
71927352,0,0,0,0,0,0,0,0.0
137572948,0,0,0,0,0,0,0,0.0
199048631,0,0,0,0,0,0,0,0.0
58984647,0,0,0,0,0,0,0,0.0
253182032,0,0,0,0,0,0,0,0.0
141772304,0,0,0,0,0,0,0,0.0
49646590,0,0,0,0,0,0,0,0.0
15778022,0,0,0,0,0,0,0,0.0
13762625,0,0,0,0,0,0,0,0.0
155090048,0,0,0,0,0,0,0,0.0
17604430,0,0,0,0,0,0,0,0.0
19638267,0,0,0,0,0,0,0,0.0
1514797,0,0,1,0,1,0,0,2.0
105344605,0,0,0,0,0,0,0,0.0
79669261,0,0,0,0,0,0,0,0.0
70662873,0,0,0,0,0,0,0,0.0
14567296,0,0,0,0,0,0,0,0.0
54363928,0,0,0,0,0,0,0,0.0
195241266,0,0,0,0,0,0,0,0.0
24922794,0,0,0,0,0,0,0,0.0
205046719,0,0,0,0,0,0,0,0.0
84841876,0,0,0,0,0,0,0,0.0
10795776,0,0,0,0,0,0,0,0.0
134843354,0,0,0,0,0,0,0,0.0
7939532,0,0,0,0,0,0,0,0.0
180227538,0,0,0,0,0,0,0,0.0
249861851,0,0,0,0,0,0,0,0.0
6418997,0,0,0,0,0,0,0,0.0
163281546,0,0,0,0,0,0,0,0.0
72687348,0,0,0,0,0,0,0,0.0
207193015,0,0,0,0,0,0,0,0.0
7989556,0,0,0,0,0,0,0,0.0
113888913,0,0,0,0,0,0,0,0.0
132899367,0,0,0,0,0,0,0,0.0
23880470,0,0,0,0,0,0,0,0.0
188270729,0,0,0,0,0,0,0,0.0
55000033,0,0,0,0,0,0,0,0.0
973602,0,0,0,0,0,0,0,0.0
191490393,0,0,0,0,0,0,0,0.0
26350296,0,0,0,0,0,0,0,0.0
263108772,0,0,0,0,0,0,0,0.0
50416380,0,0,0,0,0,0,0,0.0
202783700,0,0,0,0,0,0,0,0.0
191089828,0,0,0,0,0,0,0,0.0
176672117,0,0,0,1,39,18,29,40.0
24349078,0,0,0,0,0,0,0,0.0
75827379,0,0,0,0,0,0,0,0.0
51300502,0,0,0,0,0,0,0,0.0
16806114,0,0,0,0,0,0,0,0.0
214505233,0,0,0,0,0,0,0,0.0
252170062,0,0,0,0,0,0,0,0.0
129956242,0,0,0,0,0,0,0,0.0
205046699,0,0,0,0,0,0,0,0.0
131194860,0,0,0,0,0,0,0,0.0
39335881,0,0,0,0,0,0,0,0.0
271332514,0,0,0,0,0,0,0,0.0
129666591,0,0,0,0,0,0,0,0.0
16075791,0,0,0,0,0,0,0,0.0
35189808,0,0,0,0,0,0,0,0.0
226772766,0,0,0,0,0,0,0,0.0
195127471,0,0,0,0,0,0,0,0.0
17324192,0,0,0,0,0,0,0,0.0
57869975,0,0,0,0,0,0,0,0.0
225908955,0,0,0,0,0,0,0,0.0
54457001,0,0,0,0,0,0,0,0.0
263108669,0,0,0,0,0,0,0,0.0
189686301,0,0,0,0,0,0,0,0.0
166764883,0,0,0,0,0,0,0,0.0
226923101,0,0,0,0,0,0,0,0.0
68607689,0,0,0,0,0,0,0,0.0
72941415,0,0,0,0,0,0,0,0.0
11302362,0,0,0,0,0,0,0,0.0
84132618,0,0,0,0,0,0,0,0.0
272245560,0,0,0,0,0,0,0,0.0
8098636,0,0,0,0,10,1,1,10.0
2898603,2,2,7,11,110,9,10,132.0
17320378,0,0,0,0,0,0,0,0.0
202878047,0,0,0,0,0,0,0,0.0
154161605,0,0,0,0,0,0,0,0.0
29496992,0,0,0,0,0,0,0,0.0
112083159,0,0,0,0,0,0,0,0.0
1514815,1,0,0,0,0,1,2,1.0
252561139,0,0,0,0,0,0,0,0.0
136589088,0,0,0,0,0,0,0,0.0
38549639,0,0,0,0,0,0,0,0.0
59410721,0,0,0,0,0,0,0,0.0
56532083,0,0,0,0,0,0,0,0.0
28034710,0,0,0,0,0,0,0,0.0
56027149,0,0,0,0,0,0,0,0.0
135029845,0,0,0,0,0,0,0,0.0
91449992,0,0,0,0,0,0,0,0.0
100930168,0,0,0,0,0,0,0,0.0
174071718,0,1,0,7,24,3,5,33.0
77655802,0,0,0,0,0,0,0,0.0
17890881,0,0,0,0,0,0,0,0.0
252159628,0,0,0,0,0,0,0,0.0
87483685,0,0,0,0,0,0,0,0.0
176442522,0,0,0,0,0,0,0,0.0
252161927,0,0,0,0,0,0,0,0.0
186072348,0,0,0,0,0,0,0,0.0
191314018,0,0,0,0,0,0,0,0.0
14328002,0,0,0,0,0,0,0,0.0
87455166,0,0,0,0,0,0,0,0.0
211215638,0,0,0,0,0,0,0,0.0
20074328,0,0,0,0,0,0,0,0.0
184828125,0,0,0,0,0,0,0,0.0
198341164,0,0,0,3,8,2,9,11.0
19400984,0,1,0,0,0,1,1,1.0
227128425,0,0,0,0,0,0,0,0.0
67892783,0,0,0,0,0,0,0,0.0
179550062,0,0,0,0,0,0,0,0.0
552023,0,0,0,1,3,0,0,4.0
31494530,0,0,0,0,0,0,0,0.0
262875111,0,0,0,0,0,0,0,0.0
20074346,0,0,0,0,0,0,0,0.0
37737244,0,0,0,0,0,0,0,0.0
16181054,0,0,0,0,0,0,0,0.0
801362,4,4,3,9,20,2,4,40.0
16065807,0,0,0,0,0,0,0,0.0
147357246,0,0,0,0,0,0,0,0.0
74599867,0,0,0,0,0,0,0,0.0
131504604,0,0,0,0,0,0,0,0.0
62009182,0,0,0,0,0,0,0,0.0
5486425,0,0,0,0,0,0,0,0.0
73797070,0,0,0,0,0,0,0,0.0
13377025,0,0,0,0,0,0,0,0.0
113289768,0,0,0,0,0,0,0,0.0
113186538,0,0,0,0,0,0,0,0.0
145533544,0,0,0,0,0,0,0,0.0
117377654,0,0,0,0,0,0,0,0.0
176549111,0,0,0,0,0,0,0,0.0
170521900,0,0,0,0,0,0,0,0.0
106990586,0,0,0,0,0,0,0,0.0
198341167,0,0,0,2,6,1,4,8.0
2626771,0,0,0,1,15,1,2,16.0
91369747,0,0,0,0,0,0,0,0.0
63122545,0,0,0,0,0,0,0,0.0
16378189,0,0,0,0,0,0,0,0.0
25107897,1,2,1,19,146,12,12,166.0
195792299,0,0,0,0,0,0,0,0.0
2630329,0,0,0,0,0,0,0,0.0
115092820,0,0,0,0,0,0,0,0.0
24823336,0,0,0,0,0,0,0,0.0
112811617,0,0,0,0,0,0,0,0.0
244316347,0,0,0,0,0,0,0,0.0
118959851,0,0,0,0,0,0,0,0.0
15974153,0,0,0,0,0,0,0,0.0
56433273,0,0,0,0,0,0,0,0.0
16629366,0,0,0,0,1,0,0,1.0
10367233,0,0,0,0,0,0,0,0.0
204710623,0,0,0,0,0,0,0,0.0
54918377,0,0,0,0,0,0,0,0.0
263648865,0,0,0,0,0,0,0,0.0
53972050,0,0,0,0,0,0,0,0.0
30159868,0,0,0,0,0,0,0,0.0
57120283,0,0,0,0,0,0,0,0.0
170451376,0,0,0,0,0,0,0,0.0
262875059,0,0,0,0,0,0,0,0.0
54929905,0,0,0,0,0,0,0,0.0
174112910,0,0,0,0,0,0,0,0.0
184591630,0,0,0,0,0,0,0,0.0
145519672,0,0,0,0,0,0,0,0.0
38087256,0,0,0,0,0,0,0,0.0
94706084,0,0,0,0,0,0,0,0.0
114738534,0,0,0,0,0,0,0,0.0
16556474,0,0,0,0,0,0,0,0.0
75010045,0,0,0,0,0,0,0,0.0
192339690,0,0,0,0,0,0,0,0.0
263108854,0,0,0,0,0,0,0,0.0
207476095,0,0,0,0,0,0,0,0.0
144471624,0,0,0,0,0,0,0,0.0
251066887,0,0,0,0,0,0,0,0.0
173997719,0,0,0,0,0,0,0,0.0
263108714,0,0,0,0,0,0,0,0.0
216274675,0,0,0,0,0,0,0,0.0
263108922,0,0,0,0,0,0,0,0.0
241983342,0,0,0,0,0,0,0,0.0
157714333,0,0,0,0,0,0,0,0.0
154924210,0,0,0,0,0,0,0,0.0
188147305,0,0,0,0,0,0,0,0.0
86396989,0,0,0,0,0,0,0,0.0
12084558,1,0,1,0,5,1,1,7.0
272231278,0,0,0,0,0,0,0,0.0
262700192,0,0,0,0,0,0,0,0.0
201012741,0,0,0,0,0,0,0,0.0
221240035,0,0,0,0,0,0,0,0.0
252022171,0,0,1,1,0,1,1,2.0
69442634,0,0,0,0,0,0,0,0.0
262878530,0,0,0,0,0,0,0,0.0
715741,0,0,0,0,0,0,0,0.0
716145,0,0,0,0,0,0,0,0.0
204433627,0,0,0,0,0,0,0,0.0
50205681,0,0,0,0,0,0,0,0.0
86992960,0,0,0,0,0,0,0,0.0
50776014,0,0,0,0,0,0,0,0.0
263680677,0,0,0,0,0,0,0,0.0
128633018,0,0,0,0,0,0,0,0.0
214785347,0,0,0,0,0,0,0,0.0
1041834,0,0,0,0,0,0,0,0.0
184444857,0,0,0,0,0,0,0,0.0
20771430,0,0,0,0,0,0,0,0.0
57668058,0,0,0,0,0,0,0,0.0
252636134,1,0,0,0,6,2,3,7.0
197827362,0,0,0,0,0,0,0,0.0
52870999,0,0,0,0,0,0,0,0.0
3490275,0,0,0,0,0,0,0,0.0
172986160,0,0,0,0,0,0,0,0.0
203922243,0,0,0,0,0,0,0,0.0
958638,0,0,0,0,0,0,0,0.0
75571616,0,0,0,0,0,0,0,0.0
42629920,0,0,0,0,0,0,0,0.0
124272032,0,0,0,0,0,0,0,0.0
263588206,0,0,0,0,0,0,0,0.0
145550105,0,0,0,0,0,0,0,0.0
5535415,0,0,0,0,0,0,0,0.0
257864546,0,0,0,0,0,0,0,0.0
470492,0,0,0,3,2,0,0,5.0
11580521,0,0,0,0,0,0,0,0.0
108327598,0,0,0,0,0,0,0,0.0
45334438,0,0,0,0,0,0,0,0.0
69764691,0,0,0,0,0,0,0,0.0
15511822,0,0,0,0,0,0,0,0.0
48468639,0,0,0,0,0,0,0,0.0
205614060,0,0,0,0,0,0,0,0.0
252612339,0,0,0,0,0,0,0,0.0
25145727,0,0,0,0,0,0,0,0.0
102837433,0,0,0,0,0,0,0,0.0
269850447,0,0,0,0,0,0,0,0.0
2869347,0,0,0,0,0,0,0,0.0
198341163,0,0,0,0,8,0,0,8.0
271386600,0,0,0,0,0,0,0,0.0
197688874,0,0,0,0,0,0,0,0.0
174113166,0,0,0,0,0,0,0,0.0
207427604,0,0,0,0,0,0,0,0.0
29516609,0,0,0,0,0,0,0,0.0
196286099,0,0,0,0,0,0,0,0.0
11261516,0,0,0,0,0,0,0,0.0
56692276,0,0,0,0,0,0,0,0.0
48245108,0,0,0,0,0,0,0,0.0
197420547,0,0,0,0,0,0,0,0.0
146965756,0,0,0,0,0,0,0,0.0
93706429,0,0,0,0,0,0,0,0.0
199992201,0,0,0,0,0,0,0,0.0
105515020,0,0,0,0,0,0,0,0.0
252169766,0,0,0,0,0,0,0,0.0
196983714,0,0,0,0,0,0,0,0.0
48516693,0,0,0,0,0,0,0,0.0
134780128,0,0,0,0,0,0,0,0.0
127444452,0,0,0,0,0,0,0,0.0
12084496,0,0,0,3,19,3,7,22.0
1042594,0,0,0,0,0,0,0,0.0
201110624,0,0,0,0,0,0,0,0.0
908856,0,0,0,0,0,0,0,0.0
172574749,0,0,0,0,0,0,0,0.0
13377029,0,0,0,0,0,0,0,0.0
198129444,0,0,0,0,0,0,0,0.0
257916455,0,0,0,0,0,0,0,0.0
248680231,0,0,0,0,0,0,0,0.0
263681188,0,0,0,0,0,0,0,0.0
204444135,0,0,0,0,0,0,0,0.0
127444658,0,0,0,0,0,0,0,0.0
114738666,0,0,0,0,0,0,0,0.0
183035558,0,0,0,0,0,0,0,0.0
242721618,0,0,0,0,0,0,0,0.0
176263549,0,0,0,0,0,0,0,0.0
110995984,0,0,0,0,0,0,0,0.0
110354413,0,0,0,0,0,0,0,0.0
41356751,0,0,0,0,0,0,0,0.0
179980734,0,0,0,0,0,0,0,0.0
15402593,0,0,0,0,0,0,0,0.0
144590351,0,0,0,0,0,0,0,0.0
22081857,0,0,0,0,0,0,0,0.0
155367016,0,0,0,0,0,0,0,0.0
249674736,0,0,0,0,0,0,0,0.0
92486926,0,0,0,0,0,0,0,0.0
131004907,0,0,0,0,0,0,0,0.0
21327849,0,0,0,0,0,0,0,0.0
68824183,0,0,0,0,0,0,0,0.0
187339264,0,0,0,0,0,0,0,0.0
242449739,0,0,0,0,0,0,0,0.0
263681259,0,0,0,0,0,0,0,0.0
263681332,0,0,0,0,0,0,0,0.0
16730282,0,0,0,0,0,0,0,0.0
189463011,0,0,0,0,0,0,0,0.0
68554897,0,0,0,0,0,0,0,0.0
203821507,0,0,0,0,0,0,0,0.0
201424605,0,0,0,0,0,0,0,0.0
262877521,0,0,0,0,0,0,0,0.0
96468861,0,0,0,0,0,0,0,0.0
8123498,0,0,0,0,0,0,0,0.0
74830692,0,0,0,0,0,0,0,0.0
166765129,0,0,0,0,0,0,0,0.0
162844525,0,0,0,0,0,0,0,0.0
1042708,0,0,0,0,0,0,0,0.0
252682597,0,0,0,0,0,0,0,0.0
35593674,0,0,0,0,0,0,0,0.0
253311102,0,0,0,0,0,0,0,0.0
120311776,0,0,0,0,0,0,0,0.0
165221911,0,0,0,0,0,0,0,0.0
262878480,0,0,0,0,0,0,0,0.0
247972395,0,0,0,0,0,0,0,0.0
67227372,0,0,0,0,0,0,0,0.0
207427105,0,0,0,0,0,0,0,0.0
138946571,0,0,0,0,0,0,0,0.0
172948717,0,0,0,0,0,0,0,0.0
146652316,0,0,0,0,0,0,0,0.0
262878466,0,0,0,0,0,0,0,0.0
195815326,0,0,0,0,0,0,0,0.0
147207192,0,0,0,0,0,0,0,0.0
263394833,0,0,0,0,0,0,0,0.0
96449236,0,0,0,0,0,0,0,0.0
191071908,0,0,0,0,0,0,0,0.0
1419759,0,0,0,0,12,0,0,12.0
54787016,0,0,0,0,0,0,0,0.0
198824335,0,0,0,0,0,0,0,0.0
74536255,0,0,0,0,0,0,0,0.0
201431099,0,0,0,0,0,0,0,0.0
262875080,0,0,0,0,0,0,0,0.0
128633718,0,0,0,0,0,0,0,0.0
24468967,0,0,0,0,0,0,0,0.0
105657428,0,0,0,0,0,0,0,0.0
215437357,0,0,0,0,0,0,0,0.0
242724272,0,0,0,0,0,0,0,0.0
127430250,0,0,0,0,0,0,0,0.0
54901379,0,0,0,0,0,0,0,0.0
195186209,0,0,0,0,0,0,0,0.0
205573770,0,0,0,0,0,0,0,0.0
169128536,0,0,0,0,0,0,0,0.0
128590398,0,0,0,0,0,0,0,0.0
112757726,0,0,0,0,0,0,0,0.0
108907952,0,0,0,0,0,0,0,0.0
199021870,0,0,0,0,0,0,0,0.0
272389754,0,0,0,0,0,0,0,0.0
263108908,0,0,0,0,0,0,0,0.0
198418956,0,0,0,0,0,0,0,0.0
195797457,0,0,0,0,0,0,0,0.0
552025,0,0,0,0,0,0,0,0.0
124272195,0,0,0,0,0,0,0,0.0
110361024,0,0,0,0,0,0,0,0.0
268769646,0,0,0,0,0,0,0,0.0
185992462,0,0,0,0,0,0,0,0.0
58600711,0,0,0,0,0,0,0,0.0
198584433,0,0,0,0,0,0,0,0.0
199751683,0,0,0,0,0,0,0,0.0
169843983,0,0,0,0,0,0,0,0.0
198129461,0,0,0,0,0,0,0,0.0
263047696,0,0,0,0,0,0,0,0.0
198584516,0,0,0,0,0,0,0,0.0
155089436,0,0,0,0,0,0,0,0.0
694885,0,0,0,0,0,0,0,0.0
191056681,0,0,0,0,0,0,0,0.0
177145627,0,0,0,0,0,0,0,0.0
205195358,0,0,0,0,0,0,0,0.0
249576441,0,0,0,0,0,0,0,0.0
133674703,0,0,0,0,0,0,0,0.0
209274378,0,0,0,0,0,0,0,0.0
82477937,0,0,0,0,0,0,0,0.0
124272432,0,0,0,0,0,0,0,0.0
76263298,0,0,0,0,0,0,0,0.0
205573723,0,0,0,0,0,0,0,0.0
250525475,0,0,0,0,0,0,0,0.0
193723892,0,0,0,0,0,0,0,0.0
262875105,0,0,0,0,0,0,0,0.0
146204529,0,0,0,0,0,0,0,0.0
260107919,0,0,0,0,0,0,0,0.0
185226567,0,0,0,0,0,0,0,0.0
55124129,0,0,0,0,0,0,0,0.0
59527744,0,0,0,0,0,0,0,0.0
270978447,0,0,0,0,0,0,0,0.0
174011153,0,0,0,0,0,0,0,0.0
248522921,0,0,0,0,0,0,0,0.0
262875067,0,0,0,0,0,0,0,0.0
15402733,0,0,0,0,0,0,0,0.0
262302790,0,0,0,0,0,0,0,0.0
169771331,0,0,0,0,0,0,0,0.0
191413545,0,0,0,0,0,0,0,0.0
132899446,0,0,0,0,0,0,0,0.0
16702707,0,0,0,0,0,0,0,0.0
1042558,0,0,0,0,0,0,0,0.0
194025502,0,0,0,0,0,0,0,0.0
252566005,0,0,0,0,0,0,0,0.0
262582033,0,0,0,0,0,0,0,0.0
241990851,0,0,0,0,0,0,0,0.0
164939586,0,0,0,0,0,0,0,0.0
181120027,0,0,0,0,0,0,0,0.0
159298293,0,0,0,0,0,0,0,0.0
201058199,0,0,0,0,0,0,0,0.0
31494990,0,0,0,0,0,0,0,0.0
203118007,0,0,0,0,0,0,0,0.0
207356918,0,0,0,0,0,0,0,0.0
178601082,0,0,0,0,0,0,0,0.0
188043659,0,0,0,0,0,0,0,0.0
222684825,0,0,0,0,0,0,0,0.0
203401580,0,0,0,0,0,0,0,0.0
271248756,0,0,0,0,0,0,0,0.0
172917857,0,0,0,0,0,0,0,0.0
16560806,0,0,0,0,0,0,0,0.0
33111584,0,0,0,0,0,0,0,0.0
12478891,0,0,0,0,0,0,0,0.0
66779399,0,0,0,0,0,0,0,0.0
270303009,0,0,0,0,0,0,0,0.0
220702053,0,0,0,0,0,0,0,0.0
174248199,0,0,0,0,0,0,0,0.0
100067262,0,0,0,0,0,0,0,0.0
42559192,0,0,0,0,0,0,0,0.0
155217916,0,0,0,0,0,0,0,0.0
6418847,0,0,0,0,0,0,0,0.0
34391219,0,0,0,0,0,0,0,0.0
163039400,0,0,0,0,0,0,0,0.0
114738654,0,0,0,0,0,0,0,0.0
222684258,0,0,0,0,0,0,0,0.0
153841194,0,0,0,0,0,0,0,0.0
183539264,0,0,0,0,0,0,0,0.0
179969621,0,0,0,0,0,0,0,0.0
120461382,0,0,0,0,0,0,0,0.0
272195197,0,0,0,0,0,0,0,0.0
217729267,0,0,0,0,0,0,0,0.0
56843998,0,0,0,0,0,0,0,0.0
186646648,0,0,0,0,0,0,0,0.0
35716585,0,0,0,0,0,0,0,0.0
181656960,0,0,0,0,0,0,0,0.0
1058926,0,0,0,0,0,0,0,0.0
263108956,0,0,0,0,0,0,0,0.0
271539194,0,0,0,0,0,0,0,0.0
69188154,0,0,0,0,0,0,0,0.0
271398008,0,0,0,0,0,0,0,0.0
180380147,0,0,0,0,0,0,0,0.0
185992172,0,0,0,0,0,0,0,0.0
207500153,0,0,0,0,0,0,0,0.0
42973177,0,0,0,0,0,0,0,0.0
190213443,0,0,0,0,0,0,0,0.0
272178571,0,0,0,0,0,0,0,0.0
263108939,0,0,0,0,0,0,0,0.0
249152259,0,0,0,0,0,0,0,0.0
272120763,0,0,0,0,0,0,0,0.0
253227225,0,0,0,0,0,0,0,0.0
113186541,0,0,0,0,0,0,0,0.0
272237221,0,0,0,0,0,0,0,0.0
262875053,0,0,0,0,0,0,0,0.0
272450560,0,0,0,0,0,0,0,0.0
173982793,0,0,0,0,0,0,0,0.0
154189381,0,0,0,0,0,0,0,0.0
272449526,0,0,0,0,0,0,0,0.0
272156766,0,0,0,0,0,0,0,0.0
270296860,0,0,0,0,0,0,0,0.0
209305548,0,0,0,0,0,0,0,0.0
272450550,0,0,0,0,0,0,0,0.0
206617008,0,0,0,0,0,0,0,0.0
270921188,0,0,0,0,0,0,0,0.0
270753607,0,0,0,0,0,0,0,0.0
262878496,0,0,0,0,0,0,0,0.0
270104689,0,0,0,0,0,0,0,0.0
272310393,0,0,0,0,0,0,0,0.0
197379729,0,0,0,0,0,0,0,0.0
271535209,0,0,0,0,0,0,0,0.0
93870302,0,0,0,0,0,0,0,0.0
272164874,0,0,0,0,0,0,0,0.0
262789640,0,0,0,0,0,0,0,0.0
247302219,0,0,0,0,0,0,0,0.0
263958941,0,0,0,0,0,0,0,0.0
272645422,0,0,0,0,0,0,0,0.0
272244697,0,0,0,0,0,0,0,0.0
271487621,0,0,0,0,0,0,0,0.0
272367581,0,0,0,0,0,0,0,0.0
212470899,0,0,0,0,0,0,0,0.0
255344587,0,0,0,0,0,0,0,0.0
271528436,0,0,0,0,0,0,0,0.0
77924639,0,0,0,0,0,0,0,0.0
104868174,0,0,0,0,0,0,0,0.0
263108782,0,0,0,0,0,0,0,0.0
110360575,0,0,0,0,0,0,0,0.0
217422354,0,0,0,0,0,0,0,0.0
202276848,0,0,0,0,0,0,0,0.0
3910487,0,0,0,0,0,0,0,0.0
249151267,0,0,0,0,0,0,0,0.0
202633177,0,0,0,0,0,0,0,0.0
172817856,0,0,0,0,0,0,0,0.0
262732092,0,0,0,0,0,0,0,0.0
209274097,0,0,0,0,0,0,0,0.0
252807485,0,0,0,0,0,0,0,0.0
263108872,0,0,0,0,0,0,0,0.0
249200337,0,0,0,0,0,0,0,0.0
271455336,0,0,0,0,0,0,0,0.0
127444704,0,0,0,0,0,0,0,0.0
272599305,0,0,0,0,0,0,0,0.0
271448054,0,0,0,0,0,0,0,0.0
253358311,0,0,0,0,0,0,0,0.0
173540504,0,0,0,0,0,0,0,0.0
217778639,0,0,0,0,0,0,0,0.0
272156804,0,0,0,0,0,0,0,0.0
271791606,0,0,0,0,0,0,0,0.0
263044399,0,0,0,0,0,0,0,0.0
124272058,0,0,0,0,0,0,0,0.0
1042662,0,0,0,0,0,0,0,0.0
263108613,0,0,0,0,0,0,0,0.0
272777847,0,0,0,0,0,0,0,0.0
250103227,0,0,0,0,0,0,0,0.0
386231,4,7,17,113,128,7,9,226.0
262878425,0,0,0,0,0,0,0,0.0
173186931,0,0,0,0,0,0,0,0.0
113330175,0,0,0,0,0,0,0,0.0
263054431,0,0,0,0,0,0,0,0.0
272244608,0,0,0,0,0,0,0,0.0
248704427,0,0,0,0,0,0,0,0.0
195891005,0,0,0,0,0,0,0,0.0
146553289,0,0,0,0,0,0,0,0.0
134271019,0,0,0,0,0,0,0,0.0
212558995,0,0,0,0,0,0,0,0.0
270978477,0,0,0,0,0,0,0,0.0
270633724,0,0,0,0,0,0,0,0.0
165674920,0,0,0,0,0,0,0,0.0
158775236,0,0,0,0,0,0,0,0.0
257863124,0,0,0,0,0,0,0,0.0
59339201,0,0,0,0,0,0,0,0.0
254766564,0,0,0,0,0,0,0,0.0
207460906,0,0,0,0,0,0,0,0.0
199549838,0,0,0,0,0,0,0,0.0
150550115,0,0,0,0,0,0,0,0.0
254771756,0,0,0,0,0,0,0,0.0
247316577,0,0,0,0,0,0,0,0.0
119706892,0,0,0,0,0,0,0,0.0
106605444,0,0,0,0,0,0,0,0.0
73643257,0,0,0,0,0,0,0,0.0
270773076,0,0,0,0,0,0,0,0.0
271075225,0,0,0,0,0,0,0,0.0
229800572,0,0,0,0,0,0,0,0.0
270468302,0,0,0,0,0,0,0,0.0
271430948,0,0,0,0,0,0,0,0.0
69238812,0,0,0,0,0,0,0,0.0
270789625,0,0,0,0,0,0,0,0.0
167507247,0,0,0,0,0,0,0,0.0
167435242,0,0,0,0,0,0,0,0.0
270959006,0,0,0,0,0,0,0,0.0
51498887,0,0,0,0,0,0,0,0.0
262655020,0,0,0,0,0,0,0,0.0
174892736,0,0,0,0,0,0,0,0.0
270806338,0,0,0,0,0,0,0,0.0
270883113,0,0,0,0,0,0,0,0.0
185872907,0,0,0,0,0,0,0,0.0
263057203,0,0,0,0,0,0,0,0.0
177198299,0,0,0,0,0,0,0,0.0
252612349,0,0,0,0,0,0,0,0.0
242434987,0,0,0,0,0,0,0,0.0
230364032,0,0,0,0,0,0,0,0.0
270260040,0,0,0,0,0,0,0,0.0
271963882,0,0,0,0,0,0,0,0.0
16379003,0,0,0,0,0,0,0,0.0
2749341,0,0,0,0,0,0,0,0.0
20254351,0,0,0,0,0,0,0,0.0
205009606,0,0,0,0,0,0,0,0.0
108003786,0,0,0,0,0,0,0,0.0
56170177,0,0,0,0,0,0,0,0.0
5448767,0,0,0,0,0,0,0,0.0
3840451,0,0,0,0,0,0,0,0.0
70738568,0,0,0,0,0,0,0,0.0
23729531,0,0,0,0,0,0,0,0.0
5115659,0,0,0,0,0,0,0,0.0
149935995,0,0,0,0,0,0,0,0.0
20350324,0,0,0,0,0,0,0,0.0
12036131,0,0,0,0,0,0,0,0.0
263395917,0,0,0,0,0,0,0,0.0
16337117,0,0,0,0,0,0,0,0.0
56108183,0,0,0,0,0,0,0,0.0
75489267,0,0,0,0,0,0,0,0.0
58186021,0,0,0,0,0,0,0,0.0
84664551,0,0,0,0,0,0,0,0.0
143786701,0,0,0,0,0,0,0,0.0
107606997,0,0,0,0,0,0,0,0.0
75826738,0,0,0,0,0,0,0,0.0
22603452,0,0,0,0,0,0,0,0.0
253366260,0,0,0,0,0,0,0,0.0
57214844,0,0,0,0,0,0,0,0.0
15835195,0,0,0,0,0,0,0,0.0
35189244,0,0,0,0,0,0,0,0.0
173997818,0,0,0,0,0,0,0,0.0
270971885,0,0,0,0,0,0,0,0.0
146214678,0,0,0,0,0,0,0,0.0
190337251,0,0,0,0,0,0,0,0.0
47624304,0,0,0,0,0,0,0,0.0
25705495,0,0,0,0,0,0,0,0.0
16065171,0,0,0,0,0,0,0,0.0
188847073,0,0,0,0,0,0,0,0.0
58796770,0,0,0,0,0,0,0,0.0
75338890,0,0,0,0,0,0,0,0.0
57980811,0,0,0,0,0,0,0,0.0
119667330,0,0,0,0,0,0,0,0.0
16558196,0,0,0,0,0,0,0,0.0
56197262,0,0,0,0,0,0,0,0.0
51521512,0,0,0,0,0,0,0,0.0
33845517,0,0,0,0,0,0,0,0.0
6418877,0,0,0,0,0,0,0,0.0
221748367,0,0,0,0,0,0,0,0.0
263108933,0,0,0,0,0,0,0,0.0
32968542,0,0,0,0,0,0,0,0.0
107955526,0,0,0,0,0,0,0,0.0
129969904,0,0,0,0,0,0,0,0.0
65771253,0,0,0,0,0,0,0,0.0
83947793,0,0,0,0,0,0,0,0.0
16111200,0,0,0,0,0,0,0,0.0
49935997,0,0,0,0,0,0,0,0.0
31697255,0,0,0,0,0,0,0,0.0
248257208,0,0,0,0,0,0,0,0.0
9436356,0,0,0,0,0,0,0,0.0
138624813,0,0,0,0,0,0,0,0.0
91063758,0,0,0,0,0,0,0,0.0
21945975,0,0,0,0,0,0,0,0.0
35188378,0,0,0,0,0,0,0,0.0
15971978,0,0,0,0,0,0,0,0.0
248788537,0,0,0,0,0,0,0,0.0
91776000,0,0,0,0,0,0,0,0.0
58877051,0,0,0,0,0,0,0,0.0
73925328,0,0,0,1,4,0,0,4.0
35227685,0,0,0,0,0,0,0,0.0
158869643,0,0,0,0,0,0,0,0.0
94048214,0,0,0,0,0,0,0,0.0
184429333,0,0,0,0,0,0,0,0.0
116033295,0,0,0,0,0,0,0,0.0
74541089,0,0,0,0,0,0,0,0.0
25704974,0,0,0,0,0,0,0,0.0
4952125,0,0,1,2,7,0,0,10.0
175086543,0,0,0,0,0,0,0,0.0
35226775,0,0,0,0,0,0,0,0.0
70777498,0,0,0,0,0,0,0,0.0
16107424,0,0,0,0,0,0,0,0.0
115677940,0,0,0,0,0,0,0,0.0
35226544,0,0,0,0,0,0,0,0.0
35147976,0,0,0,0,0,0,0,0.0
98152803,0,0,0,0,0,0,0,0.0
1534467,0,0,0,0,0,0,0,0.0
21267754,0,0,0,0,0,0,0,0.0
204873639,0,0,0,0,0,0,0,0.0
108433981,0,0,0,0,0,0,0,0.0
43934093,0,0,0,0,0,0,0,0.0
201767349,0,0,0,0,0,0,0,0.0
23215403,0,0,0,0,0,0,0,0.0
36829989,0,0,0,0,0,0,0,0.0
74172755,0,0,0,0,0,0,0,0.0
54384779,0,0,0,0,0,0,0,0.0
16380143,0,0,0,0,0,0,0,0.0
176119762,0,0,0,0,0,0,0,0.0
106990557,0,0,0,0,0,0,0,0.0
121040351,0,0,0,0,0,0,0,0.0
134647701,0,0,0,0,0,0,0,0.0
241812749,0,0,0,0,0,0,0,0.0
32049058,0,0,0,0,0,0,0,0.0
198523691,0,0,0,0,0,0,0,0.0
16764336,0,0,0,0,0,0,0,0.0
2578937,0,1,0,0,2,0,0,3.0
35190868,0,0,0,0,0,0,0,0.0
138465631,0,0,0,0,0,0,0,0.0
523125,0,0,0,0,0,0,0,0.0
55310135,0,0,0,0,0,0,0,0.0
51539716,0,0,0,0,0,0,0,0.0
16061225,0,0,0,0,0,0,0,0.0
26299383,0,0,0,0,0,0,0,0.0
186266747,0,0,0,0,0,0,0,0.0
39778795,0,0,0,0,0,0,0,0.0
190301530,0,0,0,0,0,0,0,0.0
12084514,0,0,0,0,3,1,1,3.0
56118343,0,0,0,0,0,0,0,0.0
125858660,0,0,0,0,0,0,0,0.0
78924062,0,0,0,0,0,0,0,0.0
16538792,0,0,0,0,0,0,0,0.0
109489537,0,0,0,0,0,0,0,0.0
81253244,0,0,0,0,0,0,0,0.0
98938823,0,0,0,0,0,0,0,0.0
96303764,0,0,0,0,0,0,0,0.0
196336782,0,0,0,0,0,0,0,0.0
201035364,0,0,0,0,0,0,0,0.0
174820791,0,0,0,0,0,0,0,0.0
205601784,0,0,0,0,0,0,0,0.0
84168866,0,0,0,0,0,0,0,0.0
229701827,0,0,0,0,0,0,0,0.0
109999879,0,0,0,0,0,0,0,0.0
22103216,0,0,0,0,0,0,0,0.0
653293,0,0,0,0,0,0,0,0.0
55664980,0,0,0,0,0,0,0,0.0
78022031,0,0,0,0,0,0,0,0.0
3950279,0,0,0,0,0,0,0,0.0
23094892,0,0,0,0,0,0,0,0.0
45382986,0,0,0,0,0,0,0,0.0
65380489,0,0,0,0,0,0,0,0.0
599039,2,2,1,1,16,4,6,22.0
54268527,0,0,0,0,0,0,0,0.0
40640471,0,0,0,0,0,0,0,0.0
115255577,0,0,0,0,0,0,0,0.0
56764598,0,0,0,0,0,0,0,0.0
35227588,0,0,0,0,0,0,0,0.0
189642852,0,0,0,0,0,0,0,0.0
144339120,0,0,0,0,0,0,0,0.0
73114060,0,0,0,0,0,0,0,0.0
6418909,0,0,0,0,0,0,0,0.0
35227136,0,0,0,0,0,0,0,0.0
98571750,0,0,0,0,0,0,0,0.0
106990509,0,0,0,0,0,0,0,0.0
147084460,0,0,0,0,0,0,0,0.0
50716133,0,0,0,0,0,0,0,0.0
76900892,0,0,0,0,0,0,0,0.0
35177899,0,0,0,0,0,0,0,0.0
26281520,0,0,0,0,0,0,0,0.0
35139202,0,0,0,0,0,0,0,0.0
174113069,0,0,0,0,0,0,0,0.0
134410013,0,0,0,0,0,0,0,0.0
35227451,0,0,0,0,0,0,0,0.0
107186261,0,0,0,0,0,0,0,0.0
183035593,0,0,0,0,0,0,0,0.0
241983363,0,0,0,0,0,0,0,0.0
35190144,0,0,0,0,0,0,0,0.0
175146933,0,0,0,0,0,0,0,0.0
169128564,0,0,0,0,0,0,0,0.0
73923578,0,0,0,0,0,0,0,0.0
109017091,0,0,0,0,0,0,0,0.0
89473563,0,0,0,0,0,0,0,0.0
59090748,0,0,0,0,0,0,0,0.0
136665633,0,0,0,0,0,0,0,0.0
160598407,0,0,0,0,0,0,0,0.0
199977178,0,0,0,0,0,0,0,0.0
84637409,0,0,0,0,0,0,0,0.0
80976150,0,0,0,0,0,0,0,0.0
11961944,0,0,0,0,0,0,0,0.0
35146727,0,0,0,0,0,0,0,0.0
184449711,0,0,0,0,0,0,0,0.0
133933374,0,0,0,0,0,0,0,0.0
88798031,0,0,0,0,0,0,0,0.0
91960146,0,0,0,0,0,0,0,0.0
60175507,0,0,0,0,0,0,0,0.0
43202908,0,0,0,0,0,0,0,0.0
122901488,0,0,0,0,0,0,0,0.0
196283029,0,0,0,0,0,0,0,0.0
24398498,0,0,0,0,0,0,0,0.0
73796774,0,0,0,0,0,0,0,0.0
35224682,0,0,0,0,0,0,0,0.0
179520600,0,0,0,0,0,0,0,0.0
206152696,0,0,0,0,0,0,0,0.0
72629075,0,0,0,0,0,0,0,0.0
253307787,0,0,0,0,0,0,0,0.0
565444,0,0,0,1,3,0,0,4.0
168987489,0,0,0,0,0,0,0,0.0
71056691,0,0,0,0,0,0,0,0.0
78986054,0,0,0,0,0,0,0,0.0
72674512,0,0,0,0,0,0,0,0.0
74969054,0,0,0,0,0,0,0,0.0
32440745,0,0,0,0,0,0,0,0.0
34350883,0,0,0,0,0,0,0,0.0
76753556,0,0,0,0,0,0,0,0.0
113758359,0,0,0,0,0,0,0,0.0
117222691,0,0,0,0,0,0,0,0.0
16330401,0,0,0,0,0,0,0,0.0
176201653,0,0,0,0,0,0,0,0.0
205046609,0,0,0,0,0,0,0,0.0
183736622,0,0,0,0,0,0,0,0.0
141336068,0,0,0,0,0,0,0,0.0
68401093,0,0,0,0,0,0,0,0.0
270371359,0,0,0,0,0,0,0,0.0
75738622,0,0,0,0,0,0,0,0.0
21267719,0,0,0,0,0,0,0,0.0
52629185,0,0,0,0,0,0,0,0.0
34925495,0,0,0,0,0,0,0,0.0
130063346,0,0,0,0,0,0,0,0.0
257863210,0,0,0,0,0,0,0,0.0
10002464,0,0,0,0,0,0,0,0.0
125379955,0,0,0,0,0,0,0,0.0
205069705,0,0,0,0,0,0,0,0.0
217185121,0,0,0,0,0,0,0,0.0
73290554,0,0,0,0,0,0,0,0.0
207830315,0,0,0,0,0,0,0,0.0
136652477,0,0,0,0,0,0,0,0.0
195651018,0,0,0,0,0,0,0,0.0
24842973,0,0,0,0,0,0,0,0.0
150725926,0,0,0,0,0,0,0,0.0
136188066,0,0,0,0,0,0,0,0.0
11331289,0,0,0,0,0,0,0,0.0
77123811,0,0,0,0,0,0,0,0.0
3490553,0,0,0,0,0,0,0,0.0
193737941,0,0,0,0,0,0,0,0.0
128632959,0,0,0,0,0,0,0,0.0
142572595,0,0,0,0,0,0,0,0.0
270977230,0,0,0,0,0,0,0,0.0
125505950,0,0,0,0,0,0,0,0.0
206152720,0,0,0,0,0,0,0,0.0
142672181,0,0,0,0,0,0,0,0.0
202882676,0,0,0,0,0,0,0,0.0
129941184,0,0,0,0,0,0,0,0.0
203384315,0,0,0,0,0,0,0,0.0
60183421,0,0,0,0,0,0,0,0.0
248774711,0,0,0,0,0,0,0,0.0
19379672,0,0,0,0,0,0,0,0.0
132819394,0,0,0,0,0,0,0,0.0
74511932,0,0,0,0,0,0,0,0.0
169128610,0,0,0,0,0,0,0,0.0
16749504,0,0,0,0,0,0,0,0.0
187618852,0,0,0,0,0,0,0,0.0
74684502,0,0,0,0,0,0,0,0.0
997093,0,0,0,0,0,0,0,0.0
9984826,0,2,2,4,12,1,3,20.0
109267645,0,0,0,0,0,0,0,0.0
59620404,0,0,0,0,0,0,0,0.0
270756387,0,0,0,0,0,0,0,0.0
158220274,0,0,0,0,0,0,0,0.0
3490113,0,0,0,0,0,0,0,0.0
1043026,0,0,0,0,0,0,0,0.0
118946378,0,0,0,0,0,0,0,0.0
5473017,0,0,0,0,0,0,0,0.0
149775811,0,0,0,0,0,0,0,0.0
226354434,0,0,0,0,0,0,0,0.0
57243893,0,0,0,0,0,0,0,0.0
48277714,0,0,0,0,0,0,0,0.0
508729,1,0,0,1,0,0,0,2.0
510954,0,0,0,1,0,0,0,1.0
42689921,0,0,0,0,0,0,0,0.0
21463584,0,0,0,0,0,0,0,0.0
130775963,0,0,0,0,0,0,0,0.0
24805271,0,0,0,0,0,0,0,0.0
202879584,0,0,0,0,0,0,0,0.0
252559344,0,0,0,0,0,0,0,0.0
214817944,0,0,0,0,0,0,0,0.0
272237209,0,0,0,0,0,0,0,0.0
78615564,0,0,0,0,0,0,0,0.0
208270501,0,0,0,0,0,0,0,0.0
244300650,0,0,0,0,0,0,0,0.0
15214882,0,0,0,0,0,0,0,0.0
51285962,0,0,0,0,0,0,0,0.0
75828525,0,0,0,0,0,0,0,0.0
249273891,0,0,0,0,0,0,0,0.0
208621346,0,0,0,0,0,0,0,0.0
17052034,0,0,0,0,0,0,0,0.0
32686077,0,0,0,0,0,0,0,0.0
50005490,0,0,0,0,0,0,0,0.0
22280986,0,0,0,0,0,0,0,0.0
52091542,0,0,0,0,0,0,0,0.0
103681750,0,0,0,0,0,0,0,0.0
134274410,0,0,0,0,0,0,0,0.0
204625972,0,0,0,0,0,0,0,0.0
214785323,0,0,0,0,0,0,0,0.0
149977244,0,0,0,0,0,0,0,0.0
20202283,0,0,0,0,0,0,0,0.0
263440343,0,0,0,0,0,0,0,0.0
75509443,0,0,0,0,0,0,0,0.0
169842746,0,0,0,0,0,0,0,0.0
67827447,0,0,0,0,0,0,0,0.0
129385514,0,0,0,0,0,0,0,0.0
206533219,0,0,0,0,0,0,0,0.0
75488500,0,0,0,0,0,0,0,0.0
74662109,0,0,0,0,0,0,0,0.0
41391180,0,0,0,0,0,0,0,0.0
113671659,0,0,0,0,0,0,0,0.0
139723370,0,0,0,0,0,0,0,0.0
152094786,0,0,0,0,0,0,0,0.0
149785232,0,0,0,0,0,0,0,0.0
114128249,0,0,0,0,0,0,0,0.0
125140861,0,0,0,0,0,0,0,0.0
203505260,0,0,0,0,0,0,0,0.0
58213982,0,0,0,0,0,0,0,0.0
59358589,0,0,0,0,0,0,0,0.0
116915409,0,0,0,0,0,0,0,0.0
35181472,0,0,0,0,0,0,0,0.0
17325729,0,0,0,0,0,0,0,0.0
204658924,0,0,0,0,0,0,0,0.0
120311410,0,0,0,0,0,0,0,0.0
124272635,0,0,0,0,0,0,0,0.0
4984353,0,0,0,0,0,0,0,0.0
58478649,0,0,0,0,0,0,0,0.0
51544353,0,0,0,0,0,0,0,0.0
35227116,0,0,0,0,0,0,0,0.0
42501397,0,0,0,0,0,0,0,0.0
155370484,0,0,0,0,0,0,0,0.0
48274897,0,0,0,0,0,0,0,0.0
10863625,0,0,1,0,0,0,0,1.0
261947409,0,0,0,0,0,0,0,0.0
66611178,0,0,0,0,0,0,0,0.0
174515553,0,0,0,0,0,0,0,0.0
11189539,0,0,0,0,0,0,0,0.0
36995921,0,0,0,0,0,0,0,0.0
76528709,0,0,0,0,0,0,0,0.0
179406895,0,0,0,0,0,0,0,0.0
242183205,0,0,0,0,0,0,0,0.0
12478887,0,0,0,0,0,0,0,0.0
85373346,0,0,0,0,0,0,0,0.0
199223964,0,0,0,0,0,0,0,0.0
37804582,0,0,0,0,0,0,0,0.0
36978231,0,0,0,0,0,0,0,0.0
263696007,0,0,0,0,0,0,0,0.0
158003919,0,0,0,0,0,0,0,0.0
270073763,0,0,0,0,0,0,0,0.0
270662891,0,0,0,0,0,0,0,0.0
146965759,0,0,0,0,0,0,0,0.0
129950023,0,0,0,0,0,0,0,0.0
170959814,0,0,0,0,0,0,0,0.0
235856171,0,0,0,0,0,0,0,0.0
114434208,0,0,0,0,0,0,0,0.0
272887950,0,0,0,0,0,0,0,0.0
52037041,0,0,0,0,0,0,0,0.0
51542097,0,0,0,0,0,0,0,0.0
118939385,0,0,0,0,0,0,0,0.0
51071249,0,0,0,0,0,0,0,0.0
272480536,0,0,0,0,0,0,0,0.0
20207841,0,0,0,0,0,0,0,0.0
248986882,0,0,0,0,0,0,0,0.0
96197647,0,0,0,0,0,0,0,0.0
47271078,0,0,0,0,0,0,0,0.0
20914894,0,0,0,0,0,0,0,0.0
53923644,0,0,0,0,0,0,0,0.0
47885508,0,0,0,0,0,0,0,0.0
162971931,0,0,0,0,0,0,0,0.0
145396858,0,0,0,0,0,0,0,0.0
102038465,0,0,0,0,0,0,0,0.0
51283879,0,0,0,0,0,0,0,0.0
242752670,0,0,0,0,0,0,0,0.0
76134293,0,0,0,0,0,0,0,0.0
169966636,0,0,0,0,0,0,0,0.0
67858649,0,0,0,0,0,0,0,0.0
3326933,0,0,0,0,0,0,0,0.0
248703280,0,0,0,0,0,0,0,0.0
117676655,0,0,0,0,0,0,0,0.0
204064998,0,0,0,0,0,0,0,0.0
207710611,0,0,0,0,0,0,0,0.0
225194860,0,0,0,0,0,0,0,0.0
272078098,0,0,0,0,0,0,0,0.0
74402520,0,0,0,0,0,0,0,0.0
84180522,0,0,0,0,0,0,0,0.0
167449437,0,0,0,0,0,0,0,0.0
248071671,0,0,0,0,0,0,0,0.0
37677189,0,0,0,0,0,0,0,0.0
13797443,0,0,0,0,0,0,0,0.0
141235879,0,0,0,0,0,0,0,0.0
242861121,0,0,0,0,0,0,0,0.0
186314015,0,0,0,0,0,0,0,0.0
179218693,0,0,0,0,0,0,0,0.0
214785373,0,0,0,0,0,0,0,0.0
206084508,0,0,0,0,0,0,0,0.0
137128687,0,0,0,0,0,0,0,0.0
251276475,0,0,0,0,0,0,0,0.0
250454341,0,0,0,0,0,0,0,0.0
195915388,0,0,0,0,0,0,0,0.0
15986264,0,0,0,0,0,0,0,0.0
247798984,0,0,0,0,0,0,0,0.0
270823056,0,0,0,0,0,0,0,0.0
115658881,0,0,0,0,0,0,0,0.0
262454091,0,0,0,0,0,0,0,0.0
73599290,0,0,0,0,0,0,0,0.0
183555361,0,0,0,0,0,0,0,0.0
263681304,0,0,0,0,0,0,0,0.0
21460868,0,0,0,0,0,0,0,0.0
128247599,0,0,0,0,0,0,0,0.0
11189546,0,0,0,0,0,0,0,0.0
176282995,0,0,0,0,0,0,0,0.0
107394388,0,0,0,0,0,0,0,0.0
21447225,0,0,0,0,0,0,0,0.0
271519619,0,0,0,0,0,0,0,0.0
110927616,0,0,0,0,0,0,0,0.0
184618757,0,0,0,0,0,0,0,0.0
262053952,0,0,0,0,0,0,0,0.0
262972815,0,0,0,0,0,0,0,0.0
208411388,0,0,0,0,0,0,0,0.0
16749502,0,0,0,0,1,1,1,1.0
270921190,0,0,0,0,0,0,0,0.0
206781726,0,0,0,0,0,0,0,0.0
40351031,0,0,0,0,0,0,0,0.0
194491113,0,0,0,0,0,0,0,0.0
271479465,0,0,0,0,0,0,0,0.0
271338573,0,0,0,0,0,0,0,0.0
270911921,0,0,0,0,0,0,0,0.0
145639170,0,0,0,0,0,0,0,0.0
43352383,0,0,0,0,0,0,0,0.0
96481836,0,0,0,0,0,0,0,0.0
208616036,0,0,0,0,0,0,0,0.0
8248317,0,0,0,0,0,0,0,0.0
139723943,0,0,0,0,0,0,0,0.0
206152825,0,0,0,0,0,0,0,0.0
249156532,0,0,0,0,0,0,0,0.0
134858603,0,0,0,0,0,0,0,0.0
29358683,0,0,0,0,3,1,1,3.0
36988346,0,0,0,0,0,0,0,0.0
262754796,0,0,0,0,0,0,0,0.0
242427823,0,0,0,0,0,0,0,0.0
263690839,0,0,0,0,0,0,0,0.0
146660679,0,0,0,0,0,0,0,0.0
262523227,0,0,0,0,0,0,0,0.0
179159726,0,0,0,0,0,0,0,0.0
174113053,0,0,0,0,0,0,0,0.0
173997835,0,0,0,0,0,0,0,0.0
206249516,0,0,0,0,0,0,0,0.0
86410815,0,0,0,0,0,0,0,0.0
253393314,0,0,0,0,0,0,0,0.0
204641623,0,0,0,0,0,0,0,0.0
23224078,0,0,0,0,0,0,0,0.0
202619030,0,0,0,0,0,0,0,0.0
263968710,0,0,0,0,0,0,0,0.0
253393278,0,0,0,0,0,0,0,0.0
4678243,0,0,0,0,0,0,0,0.0
23096499,0,0,0,0,0,0,0,0.0
152095990,0,0,0,0,0,0,0,0.0
203432951,0,0,0,0,0,0,0,0.0
14328004,0,0,0,0,0,0,0,0.0
98182235,0,0,0,0,0,0,0,0.0
201601657,0,0,0,0,0,0,0,0.0
229732747,0,0,0,0,0,0,0,0.0
263022974,0,0,0,0,0,0,0,0.0
225288872,0,0,0,0,0,0,0,0.0
247344262,0,0,0,0,0,0,0,0.0
217776401,0,0,0,0,0,0,0,0.0
249156637,0,0,0,0,0,0,0,0.0
261826961,0,0,0,0,0,0,0,0.0
176573722,0,0,0,0,0,0,0,0.0
188847278,0,0,0,0,0,0,0,0.0
204065018,0,0,0,0,0,0,0,0.0
54006923,0,0,0,0,0,0,0,0.0
5448887,0,0,0,0,0,0,0,0.0
243032328,0,0,0,0,0,0,0,0.0
260811912,0,0,0,0,0,0,0,0.0
4355147,0,0,0,0,0,0,0,0.0
77735794,0,0,0,0,0,0,0,0.0
201034392,0,0,0,0,0,0,0,0.0
19908696,0,0,0,0,0,0,0,0.0
209274541,0,0,0,0,0,0,0,0.0
270978571,0,0,0,0,0,0,0,0.0
199931610,0,0,0,0,0,0,0,0.0
247955856,0,0,0,0,0,0,0,0.0
204658771,0,0,0,0,0,0,0,0.0
128633149,0,0,0,0,0,0,0,0.0
118895517,0,0,0,0,0,0,0,0.0
126022460,0,0,0,0,0,0,0,0.0
87892765,0,0,0,0,0,0,0,0.0
199896961,0,0,0,0,0,0,0,0.0
235494028,0,0,0,0,0,0,0,0.0
125862748,0,0,0,0,0,0,0,0.0
58524028,0,0,0,0,0,0,0,0.0
206291905,0,0,0,0,0,0,0,0.0
257775647,0,0,0,0,0,0,0,0.0
15836817,0,0,0,0,0,0,0,0.0
204444993,0,0,0,0,0,0,0,0.0
229701832,0,0,0,0,0,0,0,0.0
174515952,0,0,0,0,0,0,0,0.0
152096415,0,0,0,0,0,0,0,0.0
73191968,0,0,0,0,0,0,0,0.0
191429691,0,0,0,0,0,0,0,0.0
240703223,0,0,0,0,0,0,0,0.0
251448970,0,0,0,0,0,0,0,0.0
213854153,0,0,0,0,0,0,0,0.0
262048985,0,0,0,0,0,0,0,0.0
193737939,0,0,0,0,0,0,0,0.0
262736554,0,0,0,0,0,0,0,0.0
272585996,0,0,0,0,0,0,0,0.0
125650536,0,0,0,0,0,0,0,0.0
53401770,0,0,0,0,0,0,0,0.0
250519461,0,0,0,0,0,0,0,0.0
7989811,0,0,0,0,0,0,0,0.0
48281830,0,0,0,0,0,0,0,0.0
249153532,0,0,0,0,0,0,0,0.0
206152592,0,0,0,0,0,0,0,0.0
262871100,0,0,0,0,0,0,0,0.0
272787019,0,0,0,0,0,0,0,0.0
249151783,0,0,0,0,0,0,0,0.0
37570093,0,0,0,0,0,0,0,0.0
263028031,0,0,0,0,0,0,0,0.0
261809130,0,0,0,0,0,0,0,0.0
217184656,0,0,0,0,0,0,0,0.0
214785325,0,0,0,0,0,0,0,0.0
208432562,0,0,0,0,0,0,0,0.0
249029552,0,0,0,0,0,0,0,0.0
152096566,0,0,0,0,0,0,0,0.0
210155244,0,0,0,0,0,0,0,0.0
195913096,0,0,0,0,0,0,0,0.0
247797332,0,0,0,0,0,0,0,0.0
16386817,0,0,0,0,0,0,0,0.0
201039725,0,0,0,0,0,0,0,0.0
254859326,0,0,0,0,0,0,0,0.0
208677740,0,0,0,0,0,0,0,0.0
74845775,0,0,0,0,0,0,0,0.0
35290528,0,0,0,0,0,0,0,0.0
198082372,0,0,0,0,0,0,0,0.0
71526310,0,0,0,0,0,0,0,0.0
48875905,0,0,0,0,0,0,0,0.0
258379095,0,0,0,0,0,0,0,0.0
126022544,0,0,0,0,0,0,0,0.0
178320938,0,0,0,0,0,0,0,0.0
150612344,0,0,0,0,0,0,0,0.0
271175831,0,0,0,0,0,0,0,0.0
250069865,0,0,0,0,0,0,0,0.0
57215630,0,0,0,0,0,0,0,0.0
272460362,0,0,0,0,0,0,0,0.0
253182052,0,0,0,0,0,0,0,0.0
135541008,0,0,0,0,0,0,0,0.0
74316623,0,0,0,0,0,0,0,0.0
249802735,0,0,0,0,0,0,0,0.0
249200294,0,0,0,0,0,0,0,0.0
11269056,0,0,0,0,0,0,0,0.0
7642563,0,0,0,0,0,0,0,0.0
205606172,0,0,0,0,0,0,0,0.0
41479402,0,0,0,0,0,0,0,0.0
243324610,0,0,0,0,0,0,0,0.0
176000665,0,0,0,0,0,0,0,0.0
222666265,0,0,0,0,0,0,0,0.0
19397339,0,0,0,0,0,0,0,0.0
272451645,0,0,0,0,0,0,0,0.0
121241836,0,0,0,0,0,0,0,0.0
98552248,0,0,0,0,0,0,0,0.0
124272339,0,0,0,0,0,0,0,0.0
909208,0,0,0,0,0,0,0,0.0
136376492,0,0,0,0,0,0,0,0.0
249057484,0,0,0,0,0,0,0,0.0
71024452,0,0,0,0,0,0,0,0.0
259542785,0,0,0,0,0,0,0,0.0
251502527,0,0,0,0,0,0,0,0.0
204318266,0,0,0,0,0,0,0,0.0
204064467,0,0,0,0,0,0,0,0.0
191912029,0,0,0,0,0,0,0,0.0
73842911,0,0,0,0,0,0,0,0.0
180904105,0,0,0,0,0,0,0,0.0
154862015,0,0,0,0,0,0,0,0.0
108908052,0,0,0,0,0,0,0,0.0
260941751,0,0,0,0,0,0,0,0.0
171783815,0,0,0,0,0,0,0,0.0
205966755,0,0,0,0,0,0,0,0.0
205611107,0,0,0,0,0,0,0,0.0
59477158,0,0,0,0,0,0,0,0.0
96448049,0,0,0,0,0,0,0,0.0
35286513,0,0,0,0,0,0,0,0.0
97619658,0,0,0,0,0,0,0,0.0
7635118,0,0,0,0,0,0,0,0.0
149423156,0,0,0,0,0,0,0,0.0
13762623,0,0,0,0,0,0,0,0.0
262744972,0,0,0,0,0,0,0,0.0
199245428,0,0,0,0,0,0,0,0.0
173904815,0,0,0,0,0,0,0,0.0
37000173,0,0,0,0,0,0,0,0.0
270549870,0,0,0,0,0,0,0,0.0
249152038,0,0,0,0,0,0,0,0.0
13883028,0,0,0,0,0,0,0,0.0
250104690,0,0,0,0,0,0,0,0.0
52092747,0,0,0,0,0,0,0,0.0
90945459,0,0,0,0,0,0,0,0.0
35271612,0,0,0,0,0,0,0,0.0
138930305,0,0,0,0,0,0,0,0.0
24418629,0,0,0,0,0,0,0,0.0
208415472,0,0,0,0,0,0,0,0.0
165643857,0,0,0,0,0,0,0,0.0
199896160,0,0,0,0,0,0,0,0.0
152094743,0,0,0,0,0,0,0,0.0
263024378,0,0,0,0,0,0,0,0.0
117676719,0,0,0,0,0,0,0,0.0
203925784,0,0,0,0,0,0,0,0.0
270080957,0,0,0,0,0,0,0,0.0
270540735,0,0,0,0,0,0,0,0.0
271497883,0,0,0,0,0,0,0,0.0
127493779,0,0,0,0,0,0,0,0.0
247333293,0,0,0,0,0,0,0,0.0
168105847,0,0,0,0,0,0,0,0.0
177280830,0,0,0,0,0,0,0,0.0
242044453,0,0,0,0,0,0,0,0.0
157973979,0,0,0,0,0,0,0,0.0
57272806,0,0,0,0,0,0,0,0.0
251583542,0,0,0,0,0,0,0,0.0
126022478,0,0,0,0,0,0,0,0.0
7776054,0,0,0,0,0,0,0,0.0
242618526,0,0,0,0,0,0,0,0.0
209375082,0,0,0,0,0,0,0,0.0
15980207,0,0,0,0,0,0,0,0.0
58705302,0,0,0,0,0,0,0,0.0
88797396,0,0,0,0,0,0,0,0.0
208432569,0,0,0,0,0,0,0,0.0
201058920,0,0,0,0,0,0,0,0.0
114103609,0,0,0,0,0,0,0,0.0
172347005,0,0,0,0,0,0,0,0.0
102639792,0,0,0,0,0,0,0,0.0
102647758,0,0,0,0,0,0,0,0.0
270474802,0,0,0,0,0,0,0,0.0
190854947,0,0,0,0,0,0,0,0.0
121102946,0,0,0,0,0,0,0,0.0
205610709,0,0,0,0,0,0,0,0.0
13077025,0,0,0,0,0,0,0,0.0
189557668,0,0,0,0,0,0,0,0.0
202274442,0,0,0,0,0,0,0,0.0
254093874,0,0,0,0,0,0,0,0.0
52090883,0,0,0,0,0,0,0,0.0
57984522,0,0,0,0,0,0,0,0.0
248361893,0,0,0,0,0,0,0,0.0
217777799,0,0,0,0,0,0,0,0.0
252657173,0,0,0,0,0,0,0,0.0
16396832,0,0,0,0,0,0,0,0.0
35291536,0,0,0,0,0,0,0,0.0
259525462,0,0,0,0,0,0,0,0.0
98924674,0,0,0,0,0,0,0,0.0
120311454,0,0,0,0,0,0,0,0.0
169842521,0,0,0,0,0,0,0,0.0
79115958,0,0,0,0,0,0,0,0.0
247683527,0,0,0,0,0,0,0,0.0
186756483,0,0,0,0,0,0,0,0.0
101586111,0,0,0,0,0,0,0,0.0
5893969,0,0,0,0,0,0,0,0.0
249670421,0,0,0,0,0,0,0,0.0
114579068,0,0,0,0,0,0,0,0.0
207387873,0,0,0,0,0,0,0,0.0
204318183,0,0,0,0,0,0,0,0.0
102847793,0,0,0,0,0,0,0,0.0
68591358,0,0,0,0,0,0,0,0.0
5893967,0,0,0,0,0,0,0,0.0
253182275,0,0,0,0,0,0,0,0.0
221272135,0,0,0,0,0,0,0,0.0
259542947,0,0,0,0,0,0,0,0.0
249028615,0,0,0,0,0,0,0,0.0
253189149,0,0,0,0,0,0,0,0.0
259482596,0,0,0,0,0,0,0,0.0
2749337,0,0,0,0,0,0,0,0.0
36364804,0,0,0,0,0,0,0,0.0
2749263,0,0,0,0,0,0,0,0.0
209376106,0,0,0,0,0,0,0,0.0
26299379,0,0,0,0,0,0,0,0.0
247344528,0,0,0,0,0,0,0,0.0
247345016,0,0,0,0,0,0,0,0.0
173997805,0,0,0,0,0,0,0,0.0
214785313,0,0,0,0,0,0,0,0.0
206581925,0,0,0,0,0,0,0,0.0
250101910,0,0,0,0,0,0,0,0.0
206234894,0,0,0,0,0,0,0,0.0
249304146,0,0,0,0,0,0,0,0.0
125862693,0,0,0,0,0,0,0,0.0
252819483,0,0,0,0,0,0,0,0.0
272461229,0,0,0,0,0,0,0,0.0
272461315,0,0,0,0,0,0,0,0.0
272645688,0,0,0,0,0,0,0,0.0
209375968,0,0,0,0,0,0,0,0.0
120311880,0,0,0,0,0,0,0,0.0
272787024,0,0,0,0,0,0,0,0.0
270806347,0,0,0,0,0,0,0,0.0
189557311,0,0,0,0,0,0,0,0.0
271142830,0,0,0,0,0,0,0,0.0
272555876,0,0,0,0,0,0,0,0.0
10683378,0,0,0,0,0,0,0,0.0
54025521,0,0,0,0,0,0,0,0.0
193737943,0,0,0,0,0,0,0,0.0
139153800,0,0,0,0,0,0,0,0.0
262877222,0,0,0,0,0,0,0,0.0
174111792,0,0,0,0,0,0,0,0.0
242449657,0,0,0,0,0,0,0,0.0
132819645,0,0,0,0,0,0,0,0.0
33606813,0,0,0,0,0,0,0,0.0
209376077,0,0,0,0,0,0,0,0.0
224110336,0,0,0,0,0,0,0,0.0
208408419,0,0,0,0,0,0,0,0.0
111874342,0,0,0,0,0,0,0,0.0
15062440,0,0,0,0,0,0,0,0.0
263108876,0,0,0,0,0,0,0,0.0
109017996,0,0,0,0,0,0,0,0.0
26314202,0,0,0,0,0,0,0,0.0
14452973,0,0,0,0,0,0,0,0.0
192245635,0,0,0,0,0,0,0,0.0
172671005,0,0,0,0,0,0,0,0.0
159645897,0,0,0,0,0,0,0,0.0
176450786,0,0,0,0,0,0,0,0.0
262049003,0,0,0,0,0,0,0,0.0
272787022,0,0,0,0,0,0,0,0.0
201566198,0,0,0,0,0,0,0,0.0
203387199,0,0,0,0,0,0,0,0.0
185307688,0,0,0,0,0,0,0,0.0
248938995,0,0,0,0,0,0,0,0.0
197552839,0,0,0,0,0,0,0,0.0
209898294,0,0,0,0,0,0,0,0.0
53896544,0,0,0,0,0,0,0,0.0
222704328,0,0,0,0,0,0,0,0.0
225231550,0,0,0,0,0,0,0,0.0
229800549,0,0,0,0,0,0,0,0.0
149784724,0,0,0,0,0,0,0,0.0
43852315,0,0,0,0,0,0,0,0.0
68793571,0,0,0,0,0,0,0,0.0
263453355,0,0,0,0,0,0,0,0.0
114459211,0,0,0,0,0,0,0,0.0
165988077,0,0,0,0,0,0,0,0.0
210137169,0,0,0,0,0,0,0,0.0
140538064,0,0,0,0,0,0,0,0.0
262045237,0,0,0,0,0,0,0,0.0
57271196,0,0,0,0,0,0,0,0.0
72744285,0,0,0,0,0,0,0,0.0
147836384,0,0,0,0,0,0,0,0.0
272554754,0,0,0,0,0,0,0,0.0
35178117,0,0,0,0,0,0,0,0.0
229800575,0,0,0,0,0,0,0,0.0
169842035,0,0,0,0,0,0,0,0.0
270879044,0,0,0,0,0,0,0,0.0
200727843,0,0,0,0,0,0,0,0.0
246857052,0,0,0,0,0,0,0,0.0
229800546,0,0,0,0,0,0,0,0.0
139420694,0,0,0,0,0,0,0,0.0
197141934,0,0,0,0,0,0,0,0.0
48245038,0,0,0,0,0,0,0,0.0
262689504,0,0,0,0,0,0,0,0.0
154523006,0,0,0,0,0,0,0,0.0
260941652,0,0,0,0,0,0,0,0.0
229800597,0,0,0,0,0,0,0,0.0
145620846,0,0,0,0,0,0,0,0.0
247891671,0,0,0,0,0,0,0,0.0
198455077,0,0,0,0,0,0,0,0.0
200820006,0,0,0,0,0,0,0,0.0
272028282,0,0,0,0,0,0,0,0.0
191124160,0,0,0,0,0,0,0,0.0
254094006,0,0,0,0,0,0,0,0.0
229800555,0,0,0,0,0,0,0,0.0
188695364,0,0,0,0,0,0,0,0.0
196005369,0,0,0,0,0,0,0,0.0
197686267,0,0,0,0,0,0,0,0.0
195202042,0,0,0,0,0,0,0,0.0
197663775,0,0,0,0,0,0,0,0.0
251462624,0,0,0,0,0,0,0,0.0
272517900,0,0,0,0,0,0,0,0.0
159786716,0,0,0,0,0,0,0,0.0
124390572,0,0,0,0,0,0,0,0.0
96311686,0,0,0,0,0,0,0,0.0
111841531,0,0,0,0,0,0,0,0.0
272037865,0,0,0,0,0,0,0,0.0
109015817,0,0,0,0,0,0,0,0.0
196004010,0,0,0,0,0,0,0,0.0
173997848,0,0,0,0,0,0,0,0.0
197142648,0,0,0,0,0,0,0,0.0
172939775,0,0,0,0,0,0,0,0.0
198587093,0,0,0,0,0,0,0,0.0
249861515,0,0,0,0,0,0,0,0.0
174515140,0,0,0,0,0,0,0,0.0
200802021,0,0,0,0,0,0,0,0.0
56248271,0,0,0,0,0,0,0,0.0
174514598,0,0,0,0,0,0,0,0.0
51376290,0,0,0,0,0,0,0,0.0
135282804,0,0,0,0,0,0,0,0.0
193437616,0,0,0,0,0,0,0,0.0
186370196,0,0,0,0,0,0,0,0.0
177280795,0,0,0,0,0,0,0,0.0
164992845,0,0,0,0,0,0,0,0.0
252052025,0,0,0,0,0,0,0,0.0
14453222,0,0,0,0,0,0,0,0.0
196347743,0,0,0,0,0,0,0,0.0
188848709,0,0,0,0,0,0,0,0.0
172935365,0,0,0,0,0,0,0,0.0
14566364,0,0,0,0,0,0,0,0.0
212324031,0,0,0,0,0,0,0,0.0
137914556,0,0,0,0,0,0,0,0.0
181780137,0,0,0,0,0,0,0,0.0
184781477,0,0,0,0,0,0,0,0.0
184880949,0,0,0,0,0,0,0,0.0
174113080,0,0,0,0,0,0,0,0.0
198122436,0,0,0,0,0,0,0,0.0
178465526,0,0,0,0,0,0,0,0.0
160295050,0,0,0,0,0,0,0,0.0
188176234,0,0,0,0,0,0,0,0.0
185340437,0,0,0,0,0,0,0,0.0
178465516,0,0,0,0,0,0,0,0.0
185307286,0,0,0,0,0,0,0,0.0
186370226,0,0,0,0,0,0,0,0.0
180325872,0,0,0,0,0,0,0,0.0
192669803,0,0,0,0,0,0,0,0.0
195479755,0,0,0,0,0,0,0,0.0
179718677,0,0,0,0,0,0,0,0.0
252135907,0,0,0,0,0,0,0,0.0
196159021,0,0,0,0,0,0,0,0.0
254093878,0,0,0,0,0,0,0,0.0
185977070,0,0,0,0,0,0,0,0.0
212601251,0,0,0,0,0,0,0,0.0
190792369,0,0,0,0,0,0,0,0.0
190855001,0,0,0,0,0,0,0,0.0
185226049,0,0,0,0,0,0,0,0.0
248682482,0,0,0,0,0,0,0,0.0
197655148,0,0,0,0,0,0,0,0.0
75954484,0,0,0,0,0,0,0,0.0
191388613,0,0,0,0,0,0,0,0.0
195357830,0,0,0,0,0,0,0,0.0
184781818,0,0,0,0,0,0,0,0.0
198518814,0,0,0,0,0,0,0,0.0
195526449,0,0,0,0,0,0,0,0.0
189659190,0,0,0,0,0,0,0,0.0
186253559,0,0,0,0,0,0,0,0.0
184764415,0,0,0,0,0,0,0,0.0
169844791,0,0,0,0,0,0,0,0.0
169128513,0,0,0,0,0,0,0,0.0
184639061,0,0,0,0,0,0,0,0.0
191429707,0,0,0,0,0,0,0,0.0
262936760,0,0,0,0,0,0,0,0.0
169842201,0,0,0,0,0,0,0,0.0
159912189,0,0,0,0,0,0,0,0.0
169842269,0,0,0,0,0,0,0,0.0
172672390,0,0,0,0,0,0,0,0.0
164456712,0,0,0,0,0,0,0,0.0
49559490,0,0,0,0,0,0,0,0.0
195243100,0,0,0,0,0,0,0,0.0
165674988,0,0,0,0,0,0,0,0.0
137925058,0,0,0,0,0,0,0,0.0
34360201,0,0,0,0,0,0,0,0.0
186636915,0,0,0,0,0,0,0,0.0
162594054,0,0,0,0,0,0,0,0.0
197663687,0,0,0,0,0,0,0,0.0
183555248,0,0,0,0,0,0,0,0.0
172906066,0,0,0,0,0,0,0,0.0
124272575,0,0,0,0,0,0,0,0.0
73517693,0,0,0,0,0,0,0,0.0
172673705,0,0,0,0,0,0,0,0.0
73517932,0,0,0,0,0,0,0,0.0
197663431,0,0,0,0,0,0,0,0.0
13715120,0,0,0,0,0,0,0,0.0
120311398,0,0,0,0,0,0,0,0.0
56020860,0,0,0,0,0,0,0,0.0
248901058,0,0,0,0,0,0,0,0.0
141014374,0,0,0,0,0,0,0,0.0
247344083,0,0,0,0,0,0,0,0.0
196013214,0,0,0,0,0,0,0,0.0
174111819,0,0,0,0,0,0,0,0.0
271245555,0,0,0,0,0,0,0,0.0
252612313,0,0,0,0,0,0,0,0.0
121040277,0,0,0,0,0,0,0,0.0
166530451,0,0,0,0,0,0,0,0.0
196161501,0,0,0,0,0,0,0,0.0
177295534,0,0,0,0,0,0,0,0.0
268372582,0,0,0,0,0,0,0,0.0
225932962,0,0,0,0,0,0,0,0.0
225937377,0,0,0,0,0,0,0,0.0
225918457,0,0,0,0,0,0,0,0.0
89893042,0,0,0,0,0,0,0,0.0
193007064,0,0,0,0,0,0,0,0.0
192206662,0,0,0,0,0,0,0,0.0
